Plant_Location,department,avg_productivity,normalised_downtime,performance_score,rn
Bokaro Manufacturing Hub,Quality Control,77.5546391752578,66.3135571664943,73.0582063717524,1
Chennai Refinery Unit,Production,77.4145278450363,54.9152664013938,68.4148232675793,1
Jamshedpur Steel Plant,Maintenance,76.8251928020565,100.0,86.0951156812339,1
Pune Automation Plant,Production,77.420218579235,70.5926004002179,74.6891713076281,1
Vadodara Chemical Unit,Quality Control,77.2372602739726,88.4297735920282,81.7142656011949,1
